{
  "mean": [
    107.69851465274989,
    21.245383380168608,
    5.950722601364913,
    5.676836611802489,
    4.785828984343637,
    4.714032228156493,
    0.04122644271470098,
    0.054712104561166874,
    0.046574710483261735,
    0.44038538739462063
  ],
  "scale": [
    72.9539129732386,
    12.503556449648682,
    8.945656468391167,
    5.960220517061732,
    4.062698088955434,
    0.6302990477737099,
    0.0608877720474973,
    0.0426875403767128,
    0.02713002275643823,
    0.8166761584761764
  ]
}